order_id,address
1,"493/33 Salt Lake, kolkata"
2,"601/21 Brigade Rd, Ghaziaba"
3,"903/1 Golconda Fort, Guwahati"
4,"719/50 Howrah Brg, Dhanbad"
5,"75/31 Civil Lines, Solapur"
6,"914/28 Marina Beach Rd, Dhanba"
7,"882/29 Lalbagh, Delhi"
8,"325/28 Park St, Kolkaataa"
9,"539/45 Palace Rd, Kaanpur"
10,"692/37 Park St, nashik"
11,"672/21 Park St, bengaluru"
12,"70/49 MG Rd, Paatnaa"
13,"149/48 Connaught Plc, Mumba"
14,"241/38 India Gate, Tirupat"
15,"506/13 Sarafa Bzr, Viisaakhaapaatnaam"
16,"525/10 Sector 18, Vijaye"
17,"903/12 Brigade Rd, Thiruvanau"
18,"519/36 Lalbagh, Greater Noid"
19,"256/32 Marine Dr, Hyderaabaad"
20,"549/7 Marina Beach Rd, Thaane"
21,"401/31 Sector 18, Chandigar"
22,"401/6 Park St, Bhopal"
23,"615/20 Hazratganj, visakhapatnam"
24,"333/38 Connaught Plc, Agra"
25,"427/9 Golconda Fort, pune"
26,"537/27 Hazratganj, Guwahati"
27,"204/6 Connaught Plc, Raipur"
28,"448/50 City Palace, Viisaakhaapaatnaam"
29,"892/9 Marine Dr, Ernaakulaam"
30,"670/42 Ring Rd, Paatnaa"
31,"76/46 Salt Lake, Tiruchirappalli"
32,"104/50 Salt Lake, Howra"
33,"310/10 Marine Dr, patna"
34,"367/10 MG Rd, patna"
35,"84/48 Main Bazaar, Dei"
36,"769/19 MG Rd, Mangalore"
37,"550/9 Chowk Bzr, Sriinaagaar"
38,"122/20 Brigade Rd, Tirupat"
39,"358/15 Marine Dr, Age"
40,"616/26 Sector 18, Ahmedaba"
41,"902/3 Connaught Plc, Greater Noid"
42,"216/27 Marina Beach Rd, Thaane"
43,"270/3 Lalbagh, Noiidaa"
44,"321/40 Brigade Rd, Aliigaarh"
45,"646/49 Marine Dr, Ahmedabad"
46,"498/26 Marine Dr, Farie"
47,"745/37 Howrah Brg, Nasa"
48,"916/36 Salt Lake, Aliigaarh"
49,"915/45 India Gate, Ran"
50,"354/33 Charminar Rd, Delhi"
51,"338/27 India Gate, Pune"
52,"412/19 Charminar Rd, solapur"
53,"291/31 Brigade Rd, ernakulam"
54,"890/13 Lalbagh, Jaabaalpur"
55,"252/35 Sarafa Bzr, Kaanpur"
56,"13/25 Brigade Rd, moradabad"
57,"567/23 Sarafa Bzr, shimla"
58,"758/43 Red Fort, Jodi"
59,"891/45 Salt Lake, Alia"
60,"941/25 Chowk Bzr, Coimbator"
61,"79/31 Civil Lines, Tiruchirappall"
62,"702/21 Chowk Bzr, Kanpur"
63,"711/39 Brigade Rd, ernakulam"
64,"478/28 MG Rd, tiruchirappalli"
65,"259/48 City Palace, Kani"
66,"647/27 Sarafa Bzr, Hyderaba"
67,"442/10 Main Bazaar, Sriinaagaar"
68,"720/5 City Palace, Agraa"
69,"529/35 Marina Beach Rd, Wara"
70,"478/41 Brigade Rd, Vijaye"
71,"623/20 Charminar Rd, Sriinaagaar"
72,"726/13 Charminar Rd, Thiruvananthapuram"
73,"618/9 Station Rd, Agra"
74,"818/38 MG Rd, mangalore"
75,"816/28 Salt Lake, Gwaaliior"
76,"806/42 Main Bazaar, Dehradun"
77,"169/45 City Palace, Noida"
78,"462/2 Hazratganj, Noi"
79,"494/40 India Gate, shimla"
80,"867/26 Howrah Brg, Tiruchirappalli"
81,"814/2 Salt Lake, ludhiana"
82,"931/48 Brigade Rd, Kozhikode"
83,"648/42 Marine Dr, Tirupat"
84,"504/49 Sector 18, shimla"
85,"88/15 Lalbagh, Indore"
86,"170/47 MG Rd, warangal"
87,"274/10 Brigade Rd, patna"
88,"706/45 Howrah Brg, Waraa"
89,"945/34 Red Fort, Nagpur"
90,"809/49 City Palace, Coiimbaatore"
91,"764/37 Marina Beach Rd, Bengaaluru"
92,"919/47 Red Fort, Ludhian"
93,"816/25 Ring Rd, Meerut"
94,"596/25 Ring Rd, Pua"
95,"399/45 Sector 18, Thiruvananthapuram"
96,"408/34 Connaught Plc, Pai"
97,"528/7 Sector 18, Coiimbaatore"
98,"588/38 Palace Rd, indore"
99,"890/1 Park St, Delhi"
100,"893/37 Park St, Praayaagraaj"
101,"682/11 Golconda Fort, Kozhiikode"
102,"98/20 Ring Rd, Madura"
103,"661/3 Civil Lines, Thiruvananthapuram"
104,"456/12 Charminar Rd, Kozhiikode"
105,"737/18 Sarafa Bzr, Aurangaba"
106,"31/39 Palace Rd, mysuru"
107,"900/37 MG Rd, Tiruchi"
108,"594/47 MG Rd, Kotaa"
109,"655/10 Lalbagh, Hyderaba"
110,"249/3 Hazratganj, Kotaa"
111,"207/11 Ring Rd, Howra"
112,"856/29 Lalbagh, Gwalior"
113,"507/22 Main Bazaar, Shimla"
114,"193/28 Palace Rd, Vijayu"
115,"452/11 Main Bazaar, Jod"
116,"24/46 Park St, Paatnaa"
117,"699/22 Hazratganj, Shiimlaa"
118,"427/27 Sarafa Bzr, patna"
119,"219/8 Main Bazaar, Kota"
120,"601/8 Salt Lake, Gurgaaon"
121,"708/7 Palace Rd, Hyderaabaad"
122,"938/25 Main Bazaar, Vijayawad"
123,"229/46 Ring Rd, Hubli"
124,"90/49 Sector 18, ghaziabad"
125,"178/23 Lalbagh, Mangu"
126,"971/4 Howrah Brg, Bareill"
127,"503/16 Connaught Plc, nashik"
128,"813/39 Charminar Rd, Bhopal"
129,"21/46 Station Rd, Waaraangaal"
130,"819/18 Station Rd, Aurangabad"
131,"413/48 Ring Rd, Guwahati"
132,"878/18 Marina Beach Rd, Vijaya"
133,"901/46 Chowk Bzr, Waaraangaal"
134,"264/18 India Gate, Jodhpu"
135,"350/49 Red Fort, Naashiik"
136,"139/48 Ring Rd, Greater Noida"
137,"393/4 Marine Dr, Greaater Noiidaa"
138,"734/30 Chowk Bzr, Varaa"
139,"576/43 Marine Dr, Indi"
140,"300/10 Civil Lines, Delhi"
141,"825/13 Connaught Plc, Howe"
142,"203/5 Brigade Rd, Kota"
143,"590/23 Hazratganj, Srinagar"
144,"455/28 Palace Rd, Jabalpu"
145,"588/9 City Palace, vijayawada"
146,"586/21 Hazratganj, Delhii"
147,"46/46 Marina Beach Rd, Ahmedaba"
148,"858/8 Charminar Rd, lucknow"
149,"562/24 Salt Lake, Bengalur"
150,"783/33 Salt Lake, Bareu"
151,"720/12 Red Fort, Jodhpur"
152,"732/19 Chowk Bzr, Delhi"
153,"152/46 Connaught Plc, Ernakulam"
154,"448/3 Brigade Rd, tirupati"
155,"554/37 Park St, Ludhe"
156,"659/9 Salt Lake, dehradun"
157,"571/11 Marine Dr, Thiiruvaanaanthaapuraam"
158,"347/21 Red Fort, Ahmedabad"
159,"723/10 Lalbagh, Vadodara"
160,"322/47 Civil Lines, Solaapur"
161,"867/44 Marine Dr, Visakhapatna"
162,"673/22 Chowk Bzr, hyderabad"
163,"847/25 Civil Lines, Meerut"
164,"333/38 MG Rd, Vijayawad"
165,"919/23 Charminar Rd, Thi"
166,"272/42 Sarafa Bzr, Jabalpur"
167,"109/18 Sarafa Bzr, Tha"
168,"351/31 Lalbagh, Ahmee"
169,"77/40 Palace Rd, Jabalpu"
170,"16/16 Lalbagh, kanpur"
171,"823/13 Marine Dr, Amriitsaar"
172,"92/48 City Palace, Puu"
173,"15/25 Connaught Plc, Coimbator"
174,"367/50 Marine Dr, Sriinaagaar"
175,"38/5 MG Rd, Gwalio"
176,"215/36 India Gate, Meerut"
177,"330/13 Palace Rd, The"
178,"705/13 Hazratganj, Jaabaalpur"
179,"699/34 Sector 18, Ranch"
180,"634/13 India Gate, warangal"
181,"106/23 Chowk Bzr, Baareiilly"
182,"193/39 Brigade Rd, Howraah"
183,"47/9 Connaught Plc, Kotaa"
184,"981/13 Civil Lines, Bhopa"
185,"891/40 Ring Rd, Raanchii"
186,"381/5 Sector 18, Ranu"
187,"409/27 Howrah Brg, Moradabad"
188,"692/33 Palace Rd, Vaadodaaraa"
189,"290/2 Brigade Rd, Thane"
190,"305/9 Golconda Fort, Srinaga"
191,"137/26 Hazratganj, madurai"
192,"846/1 Chowk Bzr, Tiiruchiiraappaallii"
193,"850/20 Civil Lines, visakhapatnam"
194,"120/21 Civil Lines, Tiruchirappall"
195,"48/50 India Gate, Praayaagraaj"
196,"292/37 Howrah Brg, Baareiilly"
197,"232/45 Howrah Brg, kolkata"
198,"370/23 Civil Lines, Jabalpur"
199,"160/2 Chowk Bzr, Nasa"
200,"517/49 Civil Lines, Tiirupaatii"
201,"139/46 India Gate, Nagpur"
202,"448/3 Howrah Brg, Madurai"
203,"10/17 Main Bazaar, Auranu"
204,"932/23 Golconda Fort, rajkot"
205,"190/7 Red Fort, Solu"
206,"851/35 Brigade Rd, Madurai"
207,"296/41 Station Rd, chennai"
208,"387/10 Sector 18, aurangabad"
209,"850/4 Connaught Plc, Tiruchie"
210,"115/33 Hazratganj, varanasi"
211,"984/12 Sector 18, Chandigarh"
212,"862/45 Salt Lake, Aurangaba"
213,"200/1 Chowk Bzr, Jodhpu"
214,"300/21 Marine Dr, Bho"
215,"167/32 Palace Rd, Cheu"
216,"424/4 Howrah Brg, Nagpur"
217,"699/9 Connaught Plc, Pune"
218,"365/2 Golconda Fort, Shii"
219,"209/13 City Palace, Bhopaal"
220,"785/24 Salt Lake, Ranchi"
221,"320/2 Sarafa Bzr, Madurai"
222,"843/33 Palace Rd, Srine"
223,"901/27 Hazratganj, Moradaba"
224,"800/35 Marine Dr, Pray"
225,"653/31 Main Bazaar, Bhoi"
226,"418/48 Lalbagh, Coimbatore"
227,"799/37 Howrah Brg, Visakhapatna"
228,"188/4 Howrah Brg, Meee"
229,"590/30 Connaught Plc, Jabai"
230,"805/12 Ring Rd, Patna"
231,"825/34 Marine Dr, Nellore"
232,"958/44 MG Rd, Kota"
233,"557/45 MG Rd, Kolkaataa"
234,"538/37 Marina Beach Rd, Tiruchirappall"
235,"932/38 Charminar Rd, vijayawada"
236,"296/28 Lalbagh, gwalior"
237,"674/7 Marina Beach Rd, Jabalpur"
238,"99/3 Sector 18, Delhi"
239,"281/29 MG Rd, Coimba"
240,"723/7 Charminar Rd, Prayagra"
241,"960/37 Main Bazaar, Hyderaba"
242,"865/18 MG Rd, Chandigar"
243,"367/4 Marine Dr, Lucknow"
244,"907/40 Sarafa Bzr, Ghaziaba"
245,"587/8 Brigade Rd, Prayagra"
246,"752/42 Hazratganj, Vaaraanaasii"
247,"718/50 City Palace, Greater Noid"
248,"79/8 Sector 18, Kanpu"
249,"222/33 Sector 18, hubli"
250,"494/25 Golconda Fort, Raipu"
251,"166/44 Marina Beach Rd, Delhii"
252,"937/35 Sector 18, howrah"
253,"882/46 MG Rd, varanasi"
254,"266/14 Marina Beach Rd, Nasu"
255,"941/21 Marina Beach Rd, Kozhi"
256,"978/26 Lalbagh, Bengalur"
257,"58/29 Salt Lake, Guwa"
258,"21/31 MG Rd, Ludhian"
259,"254/28 Main Bazaar, Hublii"
260,"732/3 Red Fort, Koa"
261,"444/8 Sector 18, Kolkaataa"
262,"100/29 Marina Beach Rd, Hyderabad"
263,"993/19 Red Fort, mumbai"
264,"591/17 Hazratganj, Ludhiiaanaa"
265,"633/3 Lalbagh, Solapur"
266,"642/13 Marina Beach Rd, ahmedabad"
267,"723/14 Golconda Fort, Nagpur"
268,"283/13 Connaught Plc, Vadoi"
269,"113/8 Salt Lake, varanasi"
270,"638/4 Ring Rd, ghaziabad"
271,"738/5 MG Rd, Vaadodaaraa"
272,"980/18 Lalbagh, Ran"
273,"275/22 Civil Lines, Ernakulam"
274,"253/13 Howrah Brg, Thiruvananthapura"
275,"448/41 Park St, Greater Noida"
276,"823/18 Charminar Rd, shimla"
277,"474/42 India Gate, Mysuru"
278,"189/9 Golconda Fort, Shimla"
279,"558/17 Brigade Rd, Kotaa"
280,"682/45 MG Rd, Kozhikode"
281,"61/31 Ring Rd, madurai"
282,"212/11 Red Fort, Mad"
283,"35/16 Golconda Fort, ernakulam"
284,"593/10 Brigade Rd, Mysur"
285,"751/10 Station Rd, Aurangaba"
286,"260/47 Connaught Plc, Solaapur"
287,"655/43 Connaught Plc, Ernaakulaam"
288,"230/40 Station Rd, Agra"
289,"84/41 Main Bazaar, Delhi"
290,"928/1 Charminar Rd, Kolu"
291,"165/27 City Palace, Benga"
292,"819/2 Marine Dr, howrah"
293,"475/32 Red Fort, mangalore"
294,"487/27 Lalbagh, noida"
295,"826/13 Lalbagh, Pai"
296,"698/28 Howrah Brg, Gwaaliior"
297,"133/49 Howrah Brg, guwahati"
298,"235/39 Marine Dr, Ranch"
299,"153/6 Hazratganj, Warangal"
300,"982/3 City Palace, Faridaba"
301,"481/26 Lalbagh, tiruchirappalli"
302,"497/48 India Gate, Ghaaziiaabaad"
303,"384/6 Sector 18, Lucknow"
304,"138/18 Charminar Rd, Alia"
305,"284/11 Charminar Rd, kolkata"
306,"706/7 Station Rd, Auraangaabaad"
307,"228/24 Marina Beach Rd, Noida"
308,"171/43 Salt Lake, Bengaaluru"
309,"84/25 Ring Rd, ahmedabad"
310,"993/13 Howrah Brg, patna"
311,"299/24 Red Fort, Madurai"
312,"225/22 Howrah Brg, Dhaa"
313,"791/42 Hazratganj, Raajkot"
314,"159/30 Charminar Rd, Howrah"
315,"853/26 Brigade Rd, pune"
316,"473/3 Charminar Rd, coimbatore"
317,"677/16 Civil Lines, kota"
318,"395/25 Park St, Amrie"
319,"882/5 Hazratganj, Barei"
320,"367/42 Connaught Plc, Solapur"
321,"435/43 Civil Lines, Ludhiiaanaa"
322,"303/47 Red Fort, Howra"
323,"146/29 Sarafa Bzr, nagpur"
324,"192/46 Ring Rd, Srinagar"
325,"89/45 Red Fort, Madu"
326,"451/48 Lalbagh, Faariidaabaad"
327,"985/26 Lalbagh, Lucknow"
328,"799/30 Salt Lake, Raaiipur"
329,"353/4 Charminar Rd, Thaane"
330,"350/18 MG Rd, kota"
331,"569/12 India Gate, Kanpur"
332,"716/25 Palace Rd, Gurgao"
333,"381/2 Howrah Brg, dhanbad"
334,"232/44 Civil Lines, coimbatore"
335,"511/4 Sector 18, Vaadodaaraa"
336,"767/13 Marine Dr, Vadodara"
337,"377/18 Marina Beach Rd, Nellore"
338,"510/2 Red Fort, Sole"
339,"683/20 Sarafa Bzr, Indore"
340,"300/47 Sector 18, Tirupati"
341,"798/19 Connaught Plc, Pune"
342,"65/14 Main Bazaar, Jaii"
343,"776/41 Salt Lake, Indore"
344,"56/20 Palace Rd, Greater Noid"
345,"569/44 Brigade Rd, Ernaa"
346,"951/23 Main Bazaar, Aga"
347,"82/29 Red Fort, Shiimlaa"
348,"735/23 Marine Dr, nagpur"
349,"805/6 Connaught Plc, Rai"
350,"687/26 Hazratganj, Kanu"
351,"4/42 Lalbagh, Chea"
352,"236/2 City Palace, Muma"
353,"405/27 MG Rd, Jodhpur"
354,"689/33 Marina Beach Rd, gwalior"
355,"981/34 Park St, Kota"
356,"893/21 Charminar Rd, Aligarh"
357,"916/33 Marine Dr, Guwae"
358,"129/50 India Gate, hubli"
359,"531/14 Marine Dr, Gurgaon"
360,"468/20 City Palace, Noe"
361,"412/38 Howrah Brg, Raiu"
362,"160/26 India Gate, Pune"
363,"660/26 Salt Lake, Kanpur"
364,"584/47 Chowk Bzr, Patna"
365,"714/48 Charminar Rd, Bareilly"
366,"459/25 Park St, Chaandiigaarh"
367,"196/37 Sector 18, Srinaga"
368,"764/29 Salt Lake, Nellor"
369,"73/35 Hazratganj, mangalore"
370,"741/38 Howrah Brg, Mangalor"
371,"616/17 City Palace, Varanasi"
372,"631/2 Brigade Rd, Jaaiipur"
373,"971/48 Sector 18, varanasi"
374,"591/8 Lalbagh, howrah"
375,"70/10 Salt Lake, Chenna"
376,"442/29 Marina Beach Rd, Jabalpur"
377,"535/17 Lalbagh, Coimba"
378,"579/1 Brigade Rd, Ahmedaabaad"
379,"191/36 Salt Lake, Bareill"
380,"849/25 MG Rd, Ernaakulaam"
381,"301/42 Sarafa Bzr, Nashik"
382,"424/25 Hazratganj, faridabad"
383,"369/1 Hazratganj, Ernakula"
384,"945/14 India Gate, Agra"
385,"884/16 Main Bazaar, Pui"
386,"558/38 India Gate, dehradun"
387,"879/23 Civil Lines, faridabad"
388,"38/8 Civil Lines, Ranu"
389,"878/47 Sarafa Bzr, Ranchi"
390,"891/32 Lalbagh, Tiruchirappalli"
391,"305/2 Connaught Plc, Pune"
392,"967/2 Station Rd, ernakulam"
393,"702/20 Golconda Fort, Jabalpur"
394,"861/32 Palace Rd, madurai"
395,"598/42 India Gate, Gurgaaon"
396,"5/20 Salt Lake, Tiruchirappall"
397,"283/7 Connaught Plc, Aliigaarh"
398,"243/34 Golconda Fort, Raajkot"
399,"971/32 MG Rd, Gurgaon"
400,"630/26 Park St, Hubli"
401,"850/24 Salt Lake, Baree"
402,"76/50 Palace Rd, Chennaaii"
403,"752/29 Park St, Meerut"
404,"424/1 City Palace, ghaziabad"
405,"428/45 Marine Dr, Kozhikode"
406,"320/14 Red Fort, Delhi"
407,"408/40 Main Bazaar, jodhpur"
408,"544/41 Palace Rd, Dhanba"
409,"949/47 Sector 18, Jodhpur"
410,"176/36 Park St, jaipur"
411,"95/29 Station Rd, Jodhpur"
412,"646/35 City Palace, Delhi"
413,"23/1 City Palace, Aligarh"
414,"548/47 Marine Dr, Neli"
415,"678/14 Sector 18, Gurgaaon"
416,"840/49 Salt Lake, Faariidaabaad"
417,"192/48 Chowk Bzr, ludhiana"
418,"739/31 Brigade Rd, chennai"
419,"283/28 India Gate, Raanchii"
420,"328/36 Civil Lines, Hydei"
421,"701/23 Red Fort, Bengaluru"
422,"558/44 Park St, Nashi"
423,"532/24 Station Rd, tirupati"
424,"878/25 Golconda Fort, Tirupat"
425,"892/23 Charminar Rd, aligarh"
426,"877/8 India Gate, Made"
427,"741/30 Brigade Rd, Jaba"
428,"166/1 Chowk Bzr, ernakulam"
429,"157/8 Chowk Bzr, greater noida"
430,"249/2 Civil Lines, Agra"
431,"906/5 Park St, Aurangaba"
432,"974/26 Sarafa Bzr, Ludhian"
433,"32/34 Hazratganj, ahmedabad"
434,"773/12 Station Rd, Mysuru"
435,"251/39 Salt Lake, Kotaa"
436,"319/13 City Palace, solapur"
437,"235/19 Station Rd, Meee"
438,"55/36 Lalbagh, Faridabad"
439,"772/30 Connaught Plc, Greater Noida"
440,"426/45 Howrah Brg, Varanas"
441,"364/26 Main Bazaar, Patna"
442,"527/19 Connaught Plc, Raanchii"
443,"387/36 Sarafa Bzr, Viisaakhaapaatnaam"
444,"790/1 Marine Dr, Moraa"
445,"447/22 Connaught Plc, coimbatore"
446,"187/49 Sector 18, Guri"
447,"260/13 Salt Lake, shimla"
448,"736/15 Station Rd, Delhi"
449,"679/18 Ring Rd, lucknow"
450,"784/24 Howrah Brg, Nasa"
451,"337/9 MG Rd, srinagar"
452,"171/3 Sarafa Bzr, nagpur"
453,"76/8 Station Rd, Dhanbad"
454,"938/4 Park St, Moradaba"
455,"600/33 Ring Rd, Patna"
456,"379/24 Golconda Fort, Indore"
457,"779/16 Hazratganj, Warae"
458,"89/23 MG Rd, Shiml"
459,"962/39 Marina Beach Rd, Bhopaal"
460,"492/47 Lalbagh, Vaaraanaasii"
461,"351/15 Sarafa Bzr, Raiu"
462,"628/41 Ring Rd, Dehradun"
463,"281/15 Red Fort, Bengalur"
464,"274/28 Charminar Rd, Visakhapatnam"
465,"663/29 Marine Dr, Raja"
466,"284/50 Lalbagh, Auraangaabaad"
467,"686/44 Brigade Rd, nashik"
468,"333/49 Civil Lines, Ludhiiaanaa"
469,"141/5 City Palace, Nellor"
470,"460/45 Chowk Bzr, Srini"
471,"102/9 Marina Beach Rd, Praya"
472,"144/33 Ring Rd, aurangabad"
473,"840/33 Ring Rd, Jodhpu"
474,"341/31 Sector 18, Aligarh"
475,"44/43 Civil Lines, Ahmedabad"
476,"852/38 Red Fort, Lucknow"
477,"33/48 Ring Rd, Luckno"
478,"130/12 Marine Dr, Tirupat"
479,"960/3 Civil Lines, raipur"
480,"494/36 Brigade Rd, Tiiruchiiraappaallii"
481,"185/4 Station Rd, kolkata"
482,"170/20 Palace Rd, Bare"
483,"971/29 Lalbagh, Kolkat"
484,"313/49 Palace Rd, Alia"
485,"489/43 Station Rd, Noiidaa"
486,"139/15 Palace Rd, Gwaaliior"
487,"63/12 Lalbagh, Indor"
488,"260/24 Lalbagh, Raipu"
489,"965/49 City Palace, Pune"
490,"166/5 Charminar Rd, Kolkata"
491,"615/22 Connaught Plc, Ghaaziiaabaad"
492,"186/7 Lalbagh, Luce"
493,"800/16 Howrah Brg, Visakhapatnam"
494,"521/14 Charminar Rd, Rajko"
495,"271/7 Salt Lake, Aliigaarh"
496,"244/7 Park St, Mumbai"
497,"785/39 Salt Lake, Bareill"
498,"825/24 City Palace, Morae"
499,"454/49 Salt Lake, Raaiipur"
500,"411/2 Salt Lake, gurgaon"
501,"93/47 Ring Rd, Hyderaba"
502,"240/8 Brigade Rd, bhopal"
503,"507/8 Palace Rd, Raanchii"
504,"165/12 Howrah Brg, coimbatore"
505,"503/20 Golconda Fort, Solapur"
506,"233/33 Connaught Plc, howrah"
507,"212/5 Connaught Plc, Kol"
508,"952/17 Marine Dr, Gwaaliior"
509,"169/40 Sector 18, Howu"
510,"984/6 Palace Rd, Naashiik"
511,"122/13 Golconda Fort, Amritsa"
512,"34/14 Park St, Chand"
513,"82/32 Ring Rd, kolkata"
514,"782/41 Red Fort, Kozha"
515,"259/28 Sarafa Bzr, Chennai"
516,"266/44 Charminar Rd, Mangalor"
517,"133/42 Lalbagh, Agra"
518,"477/24 Marina Beach Rd, Aga"
519,"790/30 Park St, Gwaa"
520,"691/20 Civil Lines, Mangalore"
521,"490/29 India Gate, Agra"
522,"623/11 Lalbagh, Howra"
523,"694/42 Charminar Rd, Kozhikode"
524,"95/26 Main Bazaar, jabalpur"
525,"119/1 Chowk Bzr, Nashi"
526,"492/25 Park St, Made"
527,"180/2 Sector 18, Thiruvananthapuram"
528,"873/16 Salt Lake, Rajkot"
529,"226/8 City Palace, Nashik"
530,"817/34 MG Rd, ranchi"
531,"394/49 Hazratganj, Srine"
532,"645/28 Sector 18, ghaziabad"
533,"149/18 Howrah Brg, Ernaa"
534,"801/47 Station Rd, Raji"
535,"146/6 Brigade Rd, Waranga"
536,"472/13 Palace Rd, noida"
537,"982/5 MG Rd, kozhikode"
538,"154/41 Howrah Brg, Aurane"
539,"613/14 Palace Rd, ahmedabad"
540,"168/48 Ring Rd, Amritsar"
541,"358/2 Charminar Rd, Aliigaarh"
542,"556/40 Station Rd, Kani"
543,"689/33 Lalbagh, Ranch"
544,"169/5 MG Rd, Shia"
545,"22/47 Park St, Jod"
546,"39/49 Station Rd, Kana"
547,"944/29 Red Fort, Tiruchii"
548,"453/39 Golconda Fort, Mysuru"
549,"481/21 Connaught Plc, Varanas"
550,"72/29 Golconda Fort, Tiruchirappalli"
551,"635/16 Brigade Rd, Gwaaliior"
552,"156/9 Connaught Plc, Agra"
553,"627/15 Howrah Brg, Guwahati"
554,"787/7 Charminar Rd, Ludhian"
555,"242/28 MG Rd, Faridaba"
556,"764/37 Hazratganj, Hyderaba"
557,"191/20 Brigade Rd, Kotaa"
558,"171/34 Sector 18, Nasi"
559,"399/49 Palace Rd, Thiiruvaanaanthaapuraam"
560,"60/29 Palace Rd, Coimbatore"
561,"29/31 Civil Lines, Pui"
562,"268/38 Ring Rd, Vadoe"
563,"394/28 Station Rd, Greateu"
564,"462/30 City Palace, Moradaba"
565,"610/38 Connaught Plc, Lucknow"
566,"945/8 Sarafa Bzr, Kolkaataa"
567,"47/47 Marina Beach Rd, Mumbai"
568,"987/22 Howrah Brg, pune"
569,"401/38 Station Rd, Pui"
570,"941/1 Chowk Bzr, Maangaalore"
571,"673/12 Howrah Brg, Naagpur"
572,"45/12 Sector 18, agra"
573,"79/47 City Palace, Raanchii"
574,"889/10 Civil Lines, Vaaraanaasii"
575,"494/36 Park St, Mangalore"
576,"310/33 Connaught Plc, Bareilly"
577,"313/6 Chowk Bzr, Indor"
578,"459/15 Main Bazaar, Ludhian"
579,"356/33 Palace Rd, mangalore"
580,"501/17 Chowk Bzr, Dhaanbaad"
581,"740/15 Sector 18, Kou"
582,"350/29 Station Rd, vadodara"
583,"407/16 Connaught Plc, Tiiruchiiraappaallii"
584,"252/47 India Gate, mangalore"
585,"262/12 Howrah Brg, Aligar"
586,"803/2 Sarafa Bzr, Ranch"
587,"458/6 MG Rd, jabalpur"
588,"674/1 Red Fort, Tiruchirappalli"
589,"935/25 Marine Dr, Varanasi"
590,"631/29 Hazratganj, Patna"
591,"620/20 Park St, Maangaalore"
592,"791/12 Sector 18, Nagpu"
593,"249/25 Chowk Bzr, Thane"
594,"647/40 Main Bazaar, Greater Noid"
595,"863/48 Brigade Rd, Ernakula"
596,"492/3 Hazratganj, Raipu"
597,"223/27 Salt Lake, Howrah"
598,"538/7 Main Bazaar, Hubli"
599,"496/5 Marina Beach Rd, Warau"
600,"123/23 Main Bazaar, Raipu"
601,"179/29 Connaught Plc, thiruvananthapuram"
602,"318/32 Sector 18, Waaraangaal"
603,"812/29 Charminar Rd, Thiruvananthapuram"
604,"2/43 Salt Lake, Thiruvanai"
605,"118/21 Howrah Brg, Chennaaii"
606,"986/13 Main Bazaar, Kota"
607,"100/10 Ring Rd, Agra"
608,"118/40 Charminar Rd, Patna"
609,"167/38 India Gate, raipur"
610,"960/12 Howrah Brg, Guwahati"
611,"517/18 India Gate, Kozhikode"
612,"417/21 Salt Lake, Chennaaii"
613,"993/49 Park St, Auraangaabaad"
614,"82/47 MG Rd, varanasi"
615,"566/12 Lalbagh, Prayagraj"
616,"247/44 Hazratganj, Baareiilly"
617,"320/50 Lalbagh, Ernakulam"
618,"829/16 Main Bazaar, Meerut"
619,"416/17 Main Bazaar, Sol"
620,"102/15 Connaught Plc, Hyderaba"
621,"814/34 Salt Lake, Guwai"
622,"769/38 Chowk Bzr, Ahme"
623,"891/41 City Palace, Nagpu"
624,"64/10 Red Fort, Hubli"
625,"483/30 Hazratganj, Delhi"
626,"848/14 Connaught Plc, Howrah"
627,"657/10 Salt Lake, Howraah"
628,"560/1 Park St, Indore"
629,"645/50 Brigade Rd, Ahmedaabaad"
630,"50/31 City Palace, Bareilly"
631,"166/32 City Palace, Morai"
632,"511/15 Palace Rd, Jaii"
633,"523/8 Marina Beach Rd, delhi"
634,"322/5 Marina Beach Rd, Hui"
635,"86/48 Civil Lines, Bhopaal"
636,"679/11 Park St, Ahmedaba"
637,"151/45 City Palace, vadodara"
638,"708/44 Palace Rd, Agraa"
639,"942/3 Sector 18, Bare"
640,"944/29 Sarafa Bzr, Joda"
641,"55/17 Park St, Howra"
642,"559/24 Main Bazaar, Gurgaaon"
643,"876/35 Golconda Fort, solapur"
644,"890/46 Station Rd, Gurgaon"
645,"378/29 Connaught Plc, ghaziabad"
646,"473/32 Sector 18, Gurgao"
647,"782/25 Marine Dr, Ahmea"
648,"172/27 Golconda Fort, Kolkat"
649,"172/15 Ring Rd, Indor"
650,"878/5 Brigade Rd, Raipur"
651,"198/28 Station Rd, Kozhikod"
652,"627/29 Red Fort, Hublii"
653,"520/37 Sarafa Bzr, Raipu"
654,"212/14 City Palace, Mumba"
655,"716/15 Lalbagh, Pune"
656,"467/37 Park St, patna"
657,"246/37 India Gate, Guwa"
658,"948/3 Marina Beach Rd, Tiruchirappalli"
659,"932/22 Park St, hyderabad"
660,"301/47 MG Rd, Ahmedabad"
661,"131/36 Park St, Bengaluru"
662,"2/7 Howrah Brg, Hyderaba"
663,"209/46 Howrah Brg, Hubli"
664,"120/36 Marina Beach Rd, mumbai"
665,"836/36 City Palace, Hyderaabaad"
666,"972/44 Station Rd, Bareilly"
667,"131/15 Golconda Fort, meerut"
668,"877/10 Golconda Fort, nagpur"
669,"791/46 Park St, Faariidaabaad"
670,"545/11 Palace Rd, Solaapur"
671,"749/36 City Palace, Meeru"
672,"501/24 Ring Rd, Barea"
673,"24/37 Marine Dr, Shii"
674,"966/23 Station Rd, aurangabad"
675,"961/30 Sarafa Bzr, Shiml"
676,"361/28 Golconda Fort, ghaziabad"
677,"238/21 Main Bazaar, Noe"
678,"904/20 Palace Rd, Meeu"
679,"989/42 Station Rd, ghaziabad"
680,"195/4 Chowk Bzr, gurgaon"
681,"527/30 Charminar Rd, jabalpur"
682,"769/17 Connaught Plc, Ernaakulaam"
683,"339/49 Park St, Ernaakulaam"
684,"244/12 City Palace, Solapur"
685,"521/11 Civil Lines, Visakhapatna"
686,"846/39 Marine Dr, Thiruvanai"
687,"969/12 Lalbagh, Agra"
688,"825/21 MG Rd, Kaanpur"
689,"303/38 Hazratganj, pune"
690,"586/44 Main Bazaar, Dhai"
691,"902/28 Chowk Bzr, Bhopaal"
692,"897/44 Salt Lake, bareilly"
693,"940/11 Hazratganj, dhanbad"
694,"873/46 Charminar Rd, Amritsar"
695,"458/25 Civil Lines, bengaluru"
696,"777/1 Connaught Plc, Raaiipur"
697,"165/45 Red Fort, Srinaga"
698,"603/44 Hazratganj, Ludhiiaanaa"
699,"996/42 Connaught Plc, Aliigaarh"
700,"971/22 Salt Lake, Ernaakulaam"
701,"930/34 Howrah Brg, Dhanba"
702,"98/10 MG Rd, Aligar"
703,"167/50 Chowk Bzr, Patna"
704,"582/17 Red Fort, Kota"
705,"949/37 Hazratganj, Gurgaaon"
706,"431/47 MG Rd, Ludhiana"
707,"901/25 Howrah Brg, Luckno"
708,"742/18 Connaught Plc, prayagraj"
709,"608/47 Station Rd, pune"
710,"412/18 Lalbagh, Dehradun"
711,"769/16 Salt Lake, Bengalur"
712,"227/17 Chowk Bzr, Chandigar"
713,"616/5 Golconda Fort, Dehradu"
714,"475/23 Marine Dr, Chande"
715,"316/41 Golconda Fort, Ghaziabad"
716,"360/24 Connaught Plc, Maaduraaii"
717,"310/12 Golconda Fort, tiruchirappalli"
718,"587/39 Connaught Plc, Agra"
719,"369/43 Charminar Rd, Warangal"
720,"962/40 Station Rd, Ahmedaabaad"
721,"819/9 City Palace, Ghaziabad"
722,"288/23 Howrah Brg, Visakhapatna"
723,"567/15 Marine Dr, Nasa"
724,"408/22 Ring Rd, Thiiruvaanaanthaapuraam"
725,"162/2 Chowk Bzr, Moradaba"
726,"379/12 India Gate, Chennaaii"
727,"891/27 Chowk Bzr, bhopal"
728,"397/18 Red Fort, gwalior"
729,"403/1 Station Rd, Thiruvananthapuram"
730,"840/1 Sarafa Bzr, Moradaba"
731,"589/13 Sector 18, Indi"
732,"893/35 Brigade Rd, Mysuru"
733,"769/48 Howrah Brg, Nellore"
734,"912/44 Red Fort, Gurgao"
735,"714/20 Connaught Plc, Vado"
736,"575/39 Ring Rd, Ranchi"
737,"309/12 Park St, Aligar"
738,"445/29 Red Fort, Bareilly"
739,"110/50 Civil Lines, Maaduraaii"
740,"496/31 Ring Rd, Bhou"
741,"630/13 Charminar Rd, srinagar"
742,"897/40 India Gate, Kota"
743,"550/30 Chowk Bzr, Chenna"
744,"528/9 Ring Rd, Alia"
745,"325/10 India Gate, Bengalur"
746,"103/40 Hazratganj, Maaduraaii"
747,"185/35 Lalbagh, jodhpur"
748,"283/30 City Palace, gurgaon"
749,"697/33 Howrah Brg, howrah"
750,"722/4 City Palace, Prayi"
751,"704/49 Hazratganj, visakhapatnam"
752,"969/27 Connaught Plc, Agraa"
753,"906/23 Brigade Rd, Coiimbaatore"
754,"203/15 Golconda Fort, dehradun"
755,"336/26 Ring Rd, Thiruvananthapura"
756,"114/26 MG Rd, Visakhapatnam"
757,"486/42 India Gate, Gwa"
758,"886/40 Brigade Rd, Agra"
759,"341/30 Marina Beach Rd, Chandigarh"
760,"863/31 Sector 18, Srinaga"
761,"563/32 Marina Beach Rd, pune"
762,"786/32 Golconda Fort, Nagi"
763,"744/13 Station Rd, Mume"
764,"426/36 Salt Lake, Dhaa"
765,"796/10 Howrah Brg, chennai"
766,"434/21 Chowk Bzr, Ghaziabad"
767,"141/40 Civil Lines, Naagpur"
768,"578/32 Sector 18, Ludhian"
769,"104/12 Marine Dr, Kolu"
770,"520/15 Ring Rd, jaipur"
771,"780/18 Golconda Fort, Prayagraj"
772,"821/19 Red Fort, kanpur"
773,"140/18 Howrah Brg, Ghaziabad"
774,"142/37 Sector 18, Amriitsaar"
775,"460/20 Civil Lines, delhi"
776,"587/35 Hazratganj, jodhpur"
777,"580/21 Charminar Rd, Thane"
778,"227/20 Sarafa Bzr, Pune"
779,"674/17 Howrah Brg, Kozhikod"
780,"858/50 Station Rd, Srinagar"
781,"501/39 Marine Dr, Hubli"
782,"318/28 Marina Beach Rd, Vijayawad"
783,"840/3 Lalbagh, Bhopal"
784,"55/7 Sector 18, Amritsa"
785,"865/50 MG Rd, madurai"
786,"954/31 Hazratganj, visakhapatnam"
787,"689/26 Sector 18, Hu"
788,"202/22 Salt Lake, faridabad"
789,"310/17 Howrah Brg, Vaadodaaraa"
790,"681/24 Marina Beach Rd, Kozhi"
791,"439/39 Golconda Fort, Hydei"
792,"927/32 Golconda Fort, Hyderaba"
793,"574/42 MG Rd, Agra"
794,"109/12 Park St, Aurangaba"
795,"210/16 Golconda Fort, Mangalore"
796,"213/3 Main Bazaar, moradabad"
797,"194/17 Station Rd, Thiruvananthapura"
798,"615/1 Charminar Rd, jaipur"
799,"54/45 Lalbagh, Dehradu"
800,"823/8 Brigade Rd, Raajkot"
801,"687/2 Palace Rd, Meeru"
802,"346/17 Charminar Rd, Bhopal"
803,"715/5 Lalbagh, Tiirupaatii"
804,"549/29 City Palace, Waaraangaal"
805,"262/1 Park St, Jaipu"
806,"960/30 MG Rd, Mysur"
807,"196/28 Sarafa Bzr, hyderabad"
808,"92/3 Charminar Rd, delhi"
809,"483/38 Palace Rd, Rajko"
810,"954/43 Connaught Plc, jabalpur"
811,"372/50 Sarafa Bzr, Kotaa"
812,"428/27 Civil Lines, Lucknow"
813,"488/18 Charminar Rd, Joda"
814,"402/28 Marine Dr, agra"
815,"302/41 Park St, Mumba"
816,"518/29 Palace Rd, gwalior"
817,"770/16 Park St, Indor"
818,"392/35 Marine Dr, Kota"
819,"387/2 Marina Beach Rd, Delhi"
820,"847/24 Red Fort, Howraah"
821,"963/42 Marine Dr, Gurgaon"
822,"966/23 Golconda Fort, Faridaba"
823,"748/2 Marina Beach Rd, Faariidaabaad"
824,"47/42 Marine Dr, Agraa"
825,"81/20 Howrah Brg, Hublii"
826,"661/2 Park St, Mysuru"
827,"844/43 Chowk Bzr, Raipu"
828,"815/26 Hazratganj, aurangabad"
829,"771/4 Sector 18, Noiidaa"
830,"437/6 MG Rd, Chaandiigaarh"
831,"45/29 Howrah Brg, raipur"
832,"674/29 Marina Beach Rd, Howraah"
833,"439/37 Connaught Plc, Gurgaaon"
834,"884/38 Golconda Fort, Dhanbad"
835,"710/28 Connaught Plc, Aliigaarh"
836,"73/7 Main Bazaar, Aligarh"
837,"401/20 Marina Beach Rd, Nela"
838,"281/16 Salt Lake, Bhopal"
839,"273/2 Red Fort, gwalior"
840,"577/34 Sarafa Bzr, kota"
841,"473/37 Red Fort, Coiimbaatore"
842,"227/37 City Palace, dehradun"
843,"552/42 Connaught Plc, Aligar"
844,"77/47 Hazratganj, Delhi"
845,"990/36 Marine Dr, jodhpur"
846,"550/25 India Gate, Aurangabad"
847,"829/46 Red Fort, Waraa"
848,"764/49 Red Fort, Thiruvananthapuram"
849,"843/26 Golconda Fort, Patna"
850,"56/31 Park St, Chennai"
851,"409/23 Red Fort, Chea"
852,"803/20 Station Rd, Aligarh"
853,"159/17 Charminar Rd, Kota"
854,"469/13 Lalbagh, ranchi"
855,"236/18 Park St, hyderabad"
856,"74/31 Hazratganj, Kozhikod"
857,"387/25 Sarafa Bzr, Madurai"
858,"242/3 Main Bazaar, Kanpur"
859,"390/12 City Palace, Luckno"
860,"263/49 Golconda Fort, Nagpur"
861,"333/9 Marina Beach Rd, dhanbad"
862,"283/21 MG Rd, Vadodar"
863,"289/20 Hazratganj, Jaipur"
864,"960/33 Marina Beach Rd, Pune"
865,"295/8 Hazratganj, Jabalpu"
866,"14/48 Station Rd, Meerut"
867,"833/29 Lalbagh, bhopal"
868,"553/15 Brigade Rd, Kanpu"
869,"368/7 City Palace, Jaabaalpur"
870,"821/16 Chowk Bzr, ludhiana"
871,"637/41 Marina Beach Rd, Prayu"
872,"241/19 Park St, amritsar"
873,"531/13 Charminar Rd, Varanasi"
874,"215/48 Howrah Brg, Coimbatore"
875,"255/26 Sector 18, Kanpu"
876,"915/36 Salt Lake, Meerut"
877,"171/13 Station Rd, Solapu"
878,"646/14 Howrah Brg, Sriinaagaar"
879,"490/32 Hazratganj, Tirue"
880,"552/43 Sector 18, Kolkaataa"
881,"267/20 Sarafa Bzr, Vijaya"
882,"357/46 MG Rd, Moradaba"
883,"903/23 Golconda Fort, Chenna"
884,"271/50 Marina Beach Rd, Kanpur"
885,"729/27 Sector 18, ludhiana"
886,"666/49 Palace Rd, Tiruchirappalli"
887,"579/9 Marine Dr, Warae"
888,"953/38 Red Fort, Dhaanbaad"
889,"721/48 Park St, Mee"
890,"868/26 Connaught Plc, kota"
891,"546/13 Main Bazaar, Guwahat"
892,"292/22 Salt Lake, Warangal"
893,"941/42 Lalbagh, Thiiruvaanaanthaapuraam"
894,"660/42 Hazratganj, Srinagar"
895,"885/35 Charminar Rd, ludhiana"
896,"720/38 Howrah Brg, Jaie"
897,"165/35 Civil Lines, Greater Noid"
898,"301/4 Park St, Meeru"
899,"924/35 Chowk Bzr, Gwaaliior"
900,"867/18 Salt Lake, varanasi"
901,"975/9 Marine Dr, Agra"
902,"509/3 Sarafa Bzr, Bhopal"
903,"650/1 Lalbagh, Shiimlaa"
904,"157/41 Main Bazaar, Indor"
905,"238/19 Park St, Nellor"
906,"537/20 Marina Beach Rd, Hydei"
907,"13/29 Charminar Rd, rajkot"
908,"548/45 Civil Lines, Ranch"
909,"528/8 Marina Beach Rd, Tiruchiu"
910,"23/26 India Gate, Bhopaal"
911,"177/23 Brigade Rd, Pune"
912,"692/9 Civil Lines, lucknow"
913,"782/9 Red Fort, Bhopa"
914,"826/16 Brigade Rd, Lucknow"
915,"906/26 City Palace, srinagar"
916,"316/40 City Palace, Raipu"
917,"77/14 Sarafa Bzr, kozhikode"
918,"796/2 Red Fort, Jaie"
919,"94/21 Sarafa Bzr, Gurgaaon"
920,"50/3 Lalbagh, vadodara"
921,"381/31 Main Bazaar, Bengaluru"
922,"2/7 Salt Lake, Meeru"
923,"303/32 Charminar Rd, Mumbai"
924,"32/20 Sarafa Bzr, Vaadodaaraa"
925,"261/15 Sector 18, Ghaaziiaabaad"
926,"372/42 Palace Rd, Rani"
927,"445/41 Brigade Rd, Noida"
928,"981/16 India Gate, Visakhapatnam"
929,"856/1 Main Bazaar, Farie"
930,"791/14 Ring Rd, Ranch"
931,"321/2 Sarafa Bzr, Viijaayaawaadaa"
932,"172/33 Sarafa Bzr, Maangaalore"
933,"573/45 Howrah Brg, Delhi"
934,"488/37 Sarafa Bzr, ludhiana"
935,"258/27 MG Rd, Ernakula"
936,"10/13 Station Rd, Guwai"
937,"493/22 Red Fort, ahmedabad"
938,"486/10 Sarafa Bzr, Chaandiigaarh"
939,"582/28 Howrah Brg, Lucknow"
940,"997/23 Red Fort, Varanas"
941,"483/38 Red Fort, Nou"
942,"536/45 Sector 18, Ghaziabad"
943,"846/10 Sector 18, Nagpu"
944,"261/37 Connaught Plc, Greaater Noiidaa"
945,"382/11 Charminar Rd, prayagraj"
946,"173/2 Ring Rd, Hyderabad"
947,"901/13 India Gate, Vijayi"
948,"442/38 Chowk Bzr, Hyderaabaad"
949,"54/16 Marine Dr, Jaabaalpur"
950,"13/2 Park St, bhopal"
951,"243/43 MG Rd, Kolkat"
952,"311/41 Charminar Rd, Paatnaa"
953,"837/42 Palace Rd, Mysu"
954,"202/41 Howrah Brg, Pune"
955,"24/3 City Palace, hubli"
956,"50/16 Marine Dr, Visakh"
957,"898/48 Charminar Rd, Hubli"
958,"42/32 Salt Lake, Kota"
959,"300/50 India Gate, Kota"
960,"282/27 Lalbagh, Ranu"
961,"511/14 Hazratganj, Raaiipur"
962,"86/37 City Palace, Noida"
963,"775/19 Sector 18, Gurgao"
964,"287/4 Howrah Brg, Faridabad"
965,"385/1 Palace Rd, coimbatore"
966,"623/7 Station Rd, guwahati"
967,"172/2 Sector 18, Rajko"
968,"758/32 City Palace, Thiruvanae"
969,"112/38 Sarafa Bzr, Raaiipur"
970,"752/13 Main Bazaar, Paatnaa"
971,"994/11 Civil Lines, lucknow"
972,"130/16 Civil Lines, shimla"
973,"371/37 Salt Lake, Thiruvananthapura"
974,"941/17 MG Rd, Prayagraj"
975,"334/46 Main Bazaar, Age"
976,"827/10 MG Rd, Ludhian"
977,"581/44 Ring Rd, Hubli"
978,"285/30 Howrah Brg, Coimbatore"
979,"166/34 Ring Rd, Tiiruchiiraappaallii"
980,"824/17 MG Rd, dhanbad"
981,"42/30 Station Rd, Ludhi"
982,"577/50 Park St, Thiruvananthapuram"
983,"153/50 Sarafa Bzr, Agra"
984,"639/31 Connaught Plc, Warae"
985,"356/45 Howrah Brg, Thane"
986,"528/24 Ring Rd, nagpur"
987,"473/3 Golconda Fort, Noa"
988,"656/44 India Gate, Tirupat"
989,"476/30 Connaught Plc, Madi"
990,"737/1 Marine Dr, bareilly"
991,"586/14 MG Rd, patna"
992,"936/19 Ring Rd, Dhanbad"
993,"329/7 Chowk Bzr, Jabaa"
994,"613/1 Sector 18, Chea"
995,"252/48 Connaught Plc, Howra"
996,"48/23 Lalbagh, Nellore"
997,"578/9 Lalbagh, Jabalpur"
998,"914/37 City Palace, Ranchi"
999,"579/29 Salt Lake, Aligar"
1000,"921/19 Chowk Bzr, Coiimbaatore"
